<?xml version="1.0" encoding="UTF-8"?>
<frases>
    <frase id="1" autor="Mariano Rajoy">Tenemos que fabricar máquinas que nos permitan seguir fabricando máquinas porque lo que no va a hacer nunca la máquina es fabricar máquinas.</frase>
    <frase id="2" autor="Nicolás Maduro">El tapabocas bien puesto, mira bien. Que cubra bien. Aquí, la pantorrila.</frase>
    <frase id="3" autor="Mariano Rajoy">Lo que nosotros hemos hecho, cosa que no hizo usted, es engañar a la gente.</frase>
    <frase id="4" autor="Nicolás Maduro">Quedé virolo, no entendí nada.</frase>
    <frase id="5" autor="Mariano Rajoy">¿Ustedes piensan antes de hablar o hablan tras pensar?</frase>
    <frase id="6" autor="Nicolás Maduro">Creo que tengo la experiencia con 7 años de canciller, 6 años de presidente. 7 más 6... Exactamente... Un poquito de agua, por favorr</frase>
    <frase id="7" autor="Mariano Rajoy">Cuanto peor, mejor para todos, y cuanto peor para todos, mejor, mejor para mí el suyo beneficio político.</frase>
    <frase id="8" autor="Nicolás Maduro">En los próximos meses vamos a colocar servicio de Internet guaifi gratis.</frase>
    <frase id="9" autor="Mariano Rajoy">Hoy estoy aquí y, el día 15, a quien quiera acordarse de que se acuerde de que yo, aunque no sea físicamente estoy aquí, y mucha más intensidad que en el día de hoy.</frase>
    <frase id="10" autor="Nicolás Maduro">Todo el país de punta a punta. Los 5 puntos cardinales... ¿No son 5?</frase>
    <frase id="11" autor="Mariano Rajoy">Muchas tardes y buenas gracias.</frase>
    <frase id="12" autor="Nicolás Maduro">El pelucón Donaltrún es un verdadero pelucón. The father of the pelucons.</frase>
    <frase id="13" autor="Mariano Rajoy">Es el vecino el que elige al alcalde y es el alcalde el que quiere que sean los vecinos el alcalde.</frase>
    <frase id="14" autor="Nicolás Maduro">El lunes vamos a empezar la entrega de 35 millones de libros y libras.</frase>
    <frase id="15" autor="Mariano Rajoy">Me gusta Cataluña, me gustan sus gentes, su carácter abierto, su laboriosidad. Son emprendedores, hacen cosas.</frase>
    <frase id="16" autor="Nicolás Maduro">Donaltrún, hand offs Venezuela. De inmediaty.</frase>
</frases>